{"cameraMode":{"drawMode":0,"name":"Shaded","section":"Shading Mode"},"sceneLighting":true,"audioPlay":false,"sceneViewState":{"showFog":true,"showMaterialUpdate":false,"showSkybox":true,"showFlares":true,"showImageEffects":true,"showParticleSystems":true,"showVisualEffectGraphs":true,"m_FxEnabled":true},"in2DMode":false,"pivot":{"x":-14.01880931854248,"y":1.634958267211914,"z":2.5397000312805177},"rotation":{"x":0.6309911608695984,"y":-0.029072318226099016,"z":0.023672858253121377,"w":0.7748894691467285},"size":12.282587051391602,"orthographic":true}