{"cameraMode":{"drawMode":0,"name":"Shaded","section":"Shading Mode"},"sceneLighting":false,"audioPlay":false,"sceneViewState":{"showFog":true,"showMaterialUpdate":false,"showSkybox":true,"showFlares":true,"showImageEffects":true,"showParticleSystems":true,"showVisualEffectGraphs":true,"m_FxEnabled":true},"in2DMode":false,"pivot":{"x":-1.8887665271759034,"y":-9.803009033203125,"z":-3.532820701599121},"rotation":{"x":-0.6014425158500671,"y":-0.0031178046483546497,"z":0.0023471657186746599,"w":-0.7989107370376587},"size":44.682735443115237,"orthographic":false}