{"cameraMode":{"drawMode":0,"name":"Shaded","section":"Shading Mode"},"sceneLighting":false,"audioPlay":false,"sceneViewState":{"showFog":false,"showMaterialUpdate":false,"showSkybox":false,"showFlares":false,"showImageEffects":false,"showParticleSystems":false,"showVisualEffectGraphs":true,"m_FxEnabled":true},"in2DMode":false,"pivot":{"x":-13.145278930664063,"y":-1.0882720947265626,"z":11.241485595703125},"rotation":{"x":0.5621244311332703,"y":-0.009924081154167652,"z":0.006746170576661825,"w":0.8269683718681336},"size":10.08491325378418,"orthographic":true}